{
    "keep": {
        "days": true,
        "amount": 1
    },
    "auditLog": "/app/config/logs/.20136e5b8544ec13f7fc29ce3d35150d597108bb-audit.json",
    "files": [
        {
            "date": 1768746006446,
            "name": "/app/config/logs/.machinelogs-2026-01-18.json",
            "hash": "fbcacd67a12f9c3a15a9f6bb704ec4513e0d0a80d81c0b4c35a5a6d7f51a62dc"
        },
        {
            "date": 1768808406969,
            "name": "/app/config/logs/.machinelogs-2026-01-19.json",
            "hash": "def24ebf46b2bbcca36c8eeda529c6c73a7100474a3a612e69d03b8745d0cb57"
        }
    ],
    "hashType": "sha256"
}