{
    "keep": {
        "days": true,
        "amount": 7
    },
    "auditLog": "/app/config/logs/.4295fcfc416647ffc3751a1d488b45a096cf2d4f-audit.json",
    "files": [
        {
            "date": 1768588438721,
            "name": "/app/config/logs/jellyseerr-2026-01-16.log",
            "hash": "3c9345d99b58d927bf595b5ba83fc8bd337ff13becff2613a8859cb659f2552a"
        },
        {
            "date": 1768639559771,
            "name": "/app/config/logs/jellyseerr-2026-01-17.log",
            "hash": "0e6182ea2c1533bedadeba72f31db87798af12054dc73f139ae957141185b7b0"
        },
        {
            "date": 1768746006137,
            "name": "/app/config/logs/jellyseerr-2026-01-18.log",
            "hash": "c8677e39ea70544df255815091219b7b68d3c7dd9981305b6b1470b6c3aad8f3"
        },
        {
            "date": 1768808406142,
            "name": "/app/config/logs/jellyseerr-2026-01-19.log",
            "hash": "7dfebfb2445fd3ad4f38a0070e022e01d048cfd1cb11ca4abb5dc5a7bc2a0036"
        }
    ],
    "hashType": "sha256"
}