{"label":"Settings Migrator","level":"debug","message":"Checking migration '0001_migrate_hostname.js'...","timestamp":"2026-01-19T07:40:06.140Z"}
{"label":"Settings Migrator","level":"debug","message":"Checking migration '0002_migrate_apitokens.js'...","timestamp":"2026-01-19T07:40:07.730Z"}
{"label":"Settings Migrator","level":"debug","message":"Checking migration '0003_emby_media_server_type.js'...","timestamp":"2026-01-19T07:40:07.762Z"}
{"label":"Settings Migrator","level":"debug","message":"Checking migration '0004_migrate_region_setting.js'...","timestamp":"2026-01-19T07:40:07.787Z"}
{"label":"Settings Migrator","level":"debug","message":"Checking migration '0005_migrate_network_settings.js'...","timestamp":"2026-01-19T07:40:07.804Z"}
{"label":"Settings Migrator","level":"debug","message":"Checking migration '0006_remove_lunasea.js'...","timestamp":"2026-01-19T07:40:07.822Z"}
{"label":"Notifications","level":"info","message":"Registered notification agents","timestamp":"2026-01-19T07:40:08.654Z"}
{"label":"Jobs","level":"info","message":"Scheduled jobs loaded","timestamp":"2026-01-19T07:40:12.478Z"}
{"label":"Server","level":"info","message":"Server ready on port 5055","timestamp":"2026-01-19T07:40:16.456Z"}
{"label":"Jobs","level":"debug","message":"Starting scheduled job: Download Sync","timestamp":"2026-01-19T07:41:00.164Z"}
{"label":"Jobs","level":"debug","message":"Starting scheduled job: Download Sync","timestamp":"2026-01-19T07:42:00.023Z"}
{"label":"Jobs","level":"debug","message":"Starting scheduled job: Download Sync","timestamp":"2026-01-19T07:43:00.018Z"}
{"errorMessage":"Request failed with status code 404","label":"Image Cache","level":"debug","message":"Something went wrong caching image.","timestamp":"2026-01-19T07:43:46.533Z"}
{"label":"Jobs","level":"debug","message":"Starting scheduled job: Download Sync","timestamp":"2026-01-19T07:44:00.004Z"}
{"label":"Jobs","level":"debug","message":"Starting scheduled job: Download Sync","timestamp":"2026-01-19T07:45:00.035Z"}
{"label":"Jobs","level":"info","message":"Starting scheduled job: Jellyfin Recently Added Scan","timestamp":"2026-01-19T07:45:00.126Z"}
{"label":"Jellyfin Sync","level":"info","message":"Jellyfin Sync Starting","sessionId":"e41576c7-5e6d-4141-b2fc-e789bb44daa1","timestamp":"2026-01-19T07:45:00.129Z"}
{"label":"Jellyfin Sync","level":"info","message":"Beginning to process recently added for library: Movies","timestamp":"2026-01-19T07:45:00.178Z"}
{"label":"Jellyfin Sync","level":"debug","message":"Title already exists and no new media types found The Dark Knight","timestamp":"2026-01-19T07:45:00.957Z"}
{"label":"Jellyfin Sync","level":"info","message":"Recently Added Scan Complete","timestamp":"2026-01-19T07:45:04.960Z"}
{"label":"Jobs","level":"debug","message":"Starting scheduled job: Download Sync","timestamp":"2026-01-19T07:46:00.015Z"}
{"label":"Jobs","level":"debug","message":"Starting scheduled job: Download Sync","timestamp":"2026-01-19T07:47:00.015Z"}
{"label":"Jobs","level":"debug","message":"Starting scheduled job: Download Sync","timestamp":"2026-01-19T07:48:00.018Z"}
{"label":"Jobs","level":"debug","message":"Starting scheduled job: Download Sync","timestamp":"2026-01-19T07:49:00.029Z"}
