{"Title":"Hijack","seriesID":"t19854762","Season":1,"totalSeasons":2,"Episodes":[{"Title":"Final Call","Year":"2023","Rated":"TV-MA","Released":"28 Jun 2023","Runtime":"46 min","Genre":"Drama, Thriller","Director":"Jim Field Smith","Writer":"George Kay, Jim Field Smith","Actors":"Idris Elba, Neil Maskell, Christine Adams","Plot":"Sam Nelson gets on a flight to London hoping to win back his ex-wife, but something on board feels wrong--and his suspicions are confirmed.","Poster":"https://m.media-amazon.com/images/M/MV5BMGJjOTRlODctMjA0Zi00YjE2LWE2MTgtOTI5OGQ5NjQxMzIxXkEyXkFqcGc@._V1_SX300.jpg","imdbRating":"7.5","imdbVotes":"2785","imdbID":"tt19884306","Episode":1},{"Title":"3 Degrees","Year":"2023","Rated":"TV-MA","Released":"28 Jun 2023","Runtime":"44 min","Genre":"Drama, Thriller","Director":"Jim Field Smith","Writer":"George Kay, Jim Field Smith","Actors":"Idris Elba, Neil Maskell, Eve Myles","Plot":"Spotting an opportunity, Sam executes a plan to get a covert message to authorities on the ground.","Poster":"https://m.media-amazon.com/images/M/MV5BZTllMjBjOGYtMmE5MC00YmRhLWIwMDAtOGQyYjk2MTgxNzhmXkEyXkFqcGc@._V1_SX300.jpg","imdbRating":"7.7","imdbVotes":"2594","imdbID":"tt21097776","Episode":2},{"Title":"Draw a Blank","Year":"2023","Rated":"TV-MA","Released":"04 Jul 2023","Runtime":"48 min","Genre":"Drama, Thriller","Director":"Jim Field Smith","Writer":"George Kay, Jim Field Smith, Adam Gyngell","Actors":"Idris Elba, Neil Maskell, Eve Myles","Plot":"As the UK\u0027s counter terrorism unit learns of flight KA29, Sam gets involved in a risky plan to take on the hijackers.","Poster":"https://m.media-amazon.com/images/M/MV5BYmZjZWI4MjEtNmFmNi00M2VkLWExMGQtOGIxZDYwOTFkMGRiXkEyXkFqcGc@._V1_SX300.jpg","imdbRating":"7.9","imdbVotes":"2439","imdbID":"tt21097778","Episode":3},{"Title":"Not Responding","Year":"2023","Rated":"TV-MA","Released":"12 Jul 2023","Runtime":"45 min","Genre":"Drama, Thriller","Director":"Mo Ali","Writer":"George Kay, Jim Field Smith, Kam Odedra","Actors":"Idris Elba, Neil Maskell, Eve Myles","Plot":"An incident team in Westminster scrambles to intercept fighter jets. Sam tries contacting the ground once more when a hijacker is injured.","Poster":"https://m.media-amazon.com/images/M/MV5BMWVmZDJjNzktMjZlZS00YWUzLThiZTYtMjQwNGI4ZWIzYTgzXkEyXkFqcGc@._V1_SX300.jpg","imdbRating":"7.6","imdbVotes":"2219","imdbID":"tt21097780","Episode":4},{"Title":"Less Than an Hour","Year":"2023","Rated":"TV-MA","Released":"19 Jul 2023","Runtime":"46 min","Genre":"Drama, Thriller","Director":"Mo Ali","Writer":"George Kay, Jim Field Smith, Anna-Maria Ssemuyaba","Actors":"Idris Elba, Neil Maskell, Eve Myles","Plot":"Sam attemps to convince the hijackers to land the plane. A list of demands reveals who\u0027s behind the hijacking.","Poster":"https://m.media-amazon.com/images/M/MV5BNzc4MzFhMmItMzczZi00ZWY0LWIwY2UtM2E0ZmRiNzQyZmMxXkEyXkFqcGc@._V1_SX300.jpg","imdbRating":"7.5","imdbVotes":"2152","imdbID":"tt21097788","Episode":5},{"Title":"Comply Slowly","Year":"2023","Rated":"TV-MA","Released":"26 Jul 2023","Runtime":"50 min","Genre":"Drama, Thriller","Director":"Jim Field Smith","Writer":"George Kay, Jim Field Smith, Catherine Moulton","Actors":"Idris Elba, Neil Maskell, Eve Myles","Plot":"Faced with an impossible decision, the passengers ready themselves for a fight.","Poster":"https://m.media-amazon.com/images/M/MV5BMTQ3YWM0YTctNDcxMS00NmViLTk4NWMtOTVjNGFhNzg3ZDBkXkEyXkFqcGc@._V1_SX300.jpg","imdbRating":"8.0","imdbVotes":"2476","imdbID":"tt21097790","Episode":6},{"Title":"Brace Brace Brace","Year":"2023","Rated":"TV-MA","Released":"02 Aug 2023","Runtime":"52 min","Genre":"Drama, Thriller","Director":"Jim Field Smith","Writer":"George Kay, Jim Field Smith","Actors":"Idris Elba, Neil Maskell, Eve Myles","Plot":"A new threat emerges onboard as Sam struggles to control the chaos unfolding around him.","Poster":"https://m.media-amazon.com/images/M/MV5BZjM2Y2ZiZGItNWQ4Mi00MWJmLTkxYzYtNDZmMzE0NTNiNjM5XkEyXkFqcGc@._V1_SX300.jpg","imdbRating":"7.4","imdbVotes":"2386","imdbID":"tt21097796","Episode":7}],"Response":"True"}