{"Title":"Hijack","Year":"2023\u20132025","Rated":"TV-MA","Released":"28 Jun 2023","Genre":"Drama, Thriller","Writer":"Jim Field Smith, George Kay","Actors":"Idris Elba, Neil Maskell, Max Beesley","Plot":"A plane from Dubai to London is hijacked over a 7-hour flight, while authorities on the ground scramble for answers.","Language":"English","Country":"United Kingdom, United States","Awards":"Nominated for 1 Primetime Emmy. 2 wins \u0026 7 nominations total","Poster":"https://m.media-amazon.com/images/M/MV5BNTExNTEwM2ItZGI4My00ZWU2LWE1OTgtNTFiOTY4Mjk4M2IxXkEyXkFqcGc@._V1_SX300.jpg","Ratings":[{"Source":"Internet Movie Database","Value":"7.4/10"}],"imdbRating":"7.4","imdbVotes":"82,344","imdbID":"tt19854762","Type":"series","Response":"True"}