﻿<?xml version="1.0" encoding="utf-8"?>
<key id="f6d45797-5bf6-4148-bada-e09e0fbea74b" version="1">
  <creationDate>2026-01-17T11:16:40.9376292Z</creationDate>
  <activationDate>2026-01-17T11:16:40.9247992Z</activationDate>
  <expirationDate>2026-04-17T11:16:40.9247992Z</expirationDate>
  <descriptor deserializerType="Microsoft.AspNetCore.DataProtection.AuthenticatedEncryption.ConfigurationModel.AuthenticatedEncryptorDescriptorDeserializer, Microsoft.AspNetCore.DataProtection, Version=8.0.0.0, Culture=neutral, PublicKeyToken=adb9793829ddae60">
    <descriptor>
      <encryption algorithm="AES_256_CBC" />
      <validation algorithm="HMACSHA256" />
      <masterKey p4:requiresEncryption="true" xmlns:p4="http://schemas.asp.net/2015/03/dataProtection">
        <!-- Warning: the key below is in an unencrypted form. -->
        <value>IXGMFC69azszMRnr4YxLDbpUfat5V4VPuh7m8YIEOCH4TvHvhKUZZUv8yhiYyha3hsRXoaAsatkuXZIJVBo4mQ==</value>
      </masterKey>
    </descriptor>
  </descriptor>
</key>